Insert into tag(id, tag_name_mk, tag_name_al, tag_name_en) values
(1,'Државни институции','Државни институции','Државни институции');

INSERT INTO institution_category_heading (name_al, name_en, name_mk, id)
VALUES
('Агенции во Република Северна Македонија','Агенции во Република Северна Македонија','Агенции во Република Северна Македонија',1),
('Влада на Република Северна Македонија','Влада на Република Северна Македонија','Влада на Република Северна Македонија',2),
('Инспекциски совет','Инспекциски совет','Инспекциски совет',3),
('Комисии','Комисии','Комисии',4),
('Министерства','Министерства','Министерства',5),
('Народна банка на Република Северна Македонија','Народна банка на Република Северна Македонија','Народна банка на Република Северна Македонија',6),
('Претседател на Република Северна Македонија','Претседател на Република Северна Македонија','Претседател на Република Северна Македонија',7),
('Ревизорско тело за ревизија на инструментот за претпристапна помош','Ревизорско тело за ревизија на инструментот за претпристапна помош','Ревизорско тело за ревизија на инструментот за претпристапна помош',8),
('Републички совет за безбедност на сообраќајот на патиштата','Републички совет за безбедност на сообраќајот на патиштата','Републички совет за безбедност на сообраќајот на патиштата',9),
('Собрание на Република Северна Македонија','Собрание на Република Северна Македонија','Собрание на Република Северна Македонија',10),
('Совет за унапредување и надзор на ревизијата на Република Северна Македонија','Совет за унапредување и надзор на ревизијата на Република Северна Македонија','Совет за унапредување и надзор на ревизијата на Република Северна Македонија',11),
('Фондови','Фондови','Фондови',12),
('Централен регистар на Република Северна Македонија','Централен регистар на Република Северна Македонија','Централен регистар на Република Северна Македонија',13);


INSERT INTO institution_category (id, name_al, name_en, name_mk, heading_id) VALUES
(1,'Агенција за администрација','Агенција за администрација','Агенција за администрација',1),
(2,'Агенција за аудио и аудиовизуелни медиумски услуги','Агенција за аудио и аудиовизуелни медиумски услуги','Агенција за аудио и аудиовизуелни медиумски услуги',1),
(3,'Агенција за вработување на Република Северна Македонија','Агенција за вработување на Република Северна Македонија','Агенција за вработување на Република Северна Македонија',1),
(4,'Агенција за електронски комуникации','Агенција за електронски комуникации','Агенција за електронски комуникации',1),
(5,'Агенција за енергетика на Република Северна Македонија','Агенција за енергетика на Република Северна Македонија','Агенција за енергетика на Република Северна Македонија',1),
(6,'Агенција за заштита на лични податоци','Агенција за заштита на лични податоци','Агенција за заштита на лични податоци',1),
(7,'Агенција за заштита на правото на слободен пристап до информациите од јавен карактер','Агенција за заштита на правото на слободен пристап до информациите од јавен карактер','Агенција за заштита на правото на слободен пристап до информациите од јавен карактер',1),
(8,'Агенција за иселеништво на Република Северна Македонија','Агенција за иселеништво на Република Северна Македонија','Агенција за иселеништво на Република Северна Македонија',1),
(9,'Агенција за катастар на недвижности','Агенција за катастар на недвижности','Агенција за катастар на недвижности',1),
(10,'Агенција за квалитет и акредитација на здравствени установи','Агенција за квалитет и акредитација на здравствени установи','Агенција за квалитет и акредитација на здравствени установи',1),
(11,'Агенција за млади и спорт','Агенција за млади и спорт','Агенција за млади и спорт',1),
(12,'Агенција за национална безбедност','Агенција за национална безбедност','Агенција за национална безбедност',1),
(13,'Агенција за остварување на правата на заедниците','Агенција за остварување на правата на заедниците','Агенција за остварување на правата на заедниците',1),
(14,'Агенција за планирање на просторот','Агенција за планирање на просторот','Агенција за планирање на просторот',1),
(15,'Агенција за поддршка на претприемништвото на Република Северна Македонија','Агенција за поддршка на претприемништвото на Република Северна Македонија','Агенција за поддршка на претприемништвото на Република Северна Македонија',1),
(16,'Агенција за поттикнување на развојот на земјоделството -Битола','Агенција за поттикнување на развојот на земјоделството -Битола','Агенција за поттикнување на развојот на земјоделството -Битола',1),
(17,'Агенција за пошти','Агенција за пошти','Агенција за пошти',1),
(18,'Агенција за примена на јазикот што го зборуваат најмалку 20% од граѓаните во Република Северна Македонија','Агенција за примена на јазикот што го зборуваат најмалку 20% од граѓаните во Република Северна Македонија','Агенција за примена на јазикот што го зборуваат најмалку 20% од граѓаните во Република Северна Македонија',1),
(19,'Агенција за промоција и поддршка на туризмот','Агенција за промоција и поддршка на туризмот','Агенција за промоција и поддршка на туризмот',1),
(20,'Агенција за разузнавање','Агенција за разузнавање','Агенција за разузнавање',1),
(21,'Агенција за регулирање на железничкиот сектор','Агенција за регулирање на железничкиот сектор','Агенција за регулирање на железничкиот сектор',1),
(22,'Агенција за стоковни резерви','Агенција за стоковни резерви','Агенција за стоковни резерви',1),
(23,'Агенција за странски инвестиции и промоција на извозот на Република Северна Македонија','Агенција за странски инвестиции и промоција на извозот на Република Северна Македонија','Агенција за странски инвестиции и промоција на извозот на Република Северна Македонија',1),
(24,'Агенција за супервизија на капитално финансирано пензиско осигурување МАПАС','Агенција за супервизија на капитално финансирано пензиско осигурување МАПАС','Агенција за супервизија на капитално финансирано пензиско осигурување МАПАС',1),
(25,'Агенција за супервизија на осигурување','Агенција за супервизија на осигурување','Агенција за супервизија на осигурување',1),
(26,'Агенција за управување со одземен имот','Агенција за управување со одземен имот','Агенција за управување со одземен имот',1),
(27,'Агенција за филм на Република Северна Македонија','Агенција за филм на Република Северна Македонија','Агенција за филм на Република Северна Македонија',1),
(28,'Агенција за финансиска поддршка во земјоделството и руралниот развој','Агенција за финансиска поддршка во земјоделството и руралниот развој','Агенција за финансиска поддршка во земјоделството и руралниот развој',1),
(29,'Агенција за храна и ветеринарство на Република Северна Македонија','Агенција за храна и ветеринарство на Република Северна Македонија','Агенција за храна и ветеринарство на Република Северна Македонија',1),
(30,'Агенција за цивилно воздухопловство','Агенција за цивилно воздухопловство','Агенција за цивилно воздухопловство',1),
(31,'Влада на Република Северна Македонија','Влада на Република Северна Македонија','Влада на Република Северна Македонија',2),
(32,'Генерален секретаријат','Генерален секретаријат','Генерален секретаријат',2),
(33,'Државен инспекторат за животна средина','Државен инспекторат за животна средина','Државен инспекторат за животна средина',3),
(34,'Државна изборна комисија','Државна изборна комисија','Државна изборна комисија',4),
(35,'Државна комисија за жалби по јавни набавки','Државна комисија за жалби по јавни набавки','Државна комисија за жалби по јавни набавки',4),
(36,'Државна комисија за одлучување во втор степен во областа на инспекцискиот надзор и прекршочната постапка','Државна комисија за одлучување во втор степен во областа на инспекцискиот надзор и прекршочната постапка','Државна комисија за одлучување во втор степен во областа на инспекцискиот надзор и прекршочната постапка',4),
(37,'Државна комисија за одлучување во управна постапка и постапка од работен однос во втор степен','Државна комисија за одлучување во управна постапка и постапка од работен однос во втор степен','Државна комисија за одлучување во управна постапка и постапка од работен однос во втор степен',4),
(38,'Државна комисија за спречување на корупцијата','Државна комисија за спречување на корупцијата','Државна комисија за спречување на корупцијата',4),
(39,'Канцеларија на Претседателот на Владата на Република Северна Македонија','Канцеларија на Претседателот на Владата на Република Северна Македонија','Канцеларија на Претседателот на Владата на Република Северна Македонија',2),
(40,'Комисија за заштита на конкуренцијата','Комисија за заштита на конкуренцијата','Комисија за заштита на конкуренцијата',4),
(41,'Комисија за заштита од дискриминација','Комисија за заштита од дискриминација','Комисија за заштита од дискриминација',4),
(42,'Комисија за односи со верските заедници и религиозни групи','Комисија за односи со верските заедници и религиозни групи','Комисија за односи со верските заедници и религиозни групи',4),
(43,'Комисија за хартии од вредност на Република Северна Македонија','Комисија за хартии од вредност на Република Северна Македонија','Комисија за хартии од вредност на Република Северна Македонија',4),
(44,'Министерство за внатрешни работи','Министерство за внатрешни работи','Министерство за внатрешни работи',5),
(45,'Министерство за економија','Министерство за економија','Министерство за економија',5),
(46,'Министерство за животна средина и просторно планирање','Министерство за животна средина и просторно планирање','Министерство за животна средина и просторно планирање',5),
(47,'Министерство за здравство','Министерство за здравство','Министерство за здравство',5),
(48,'Министерство за земјоделство,шумарство и водостопанство','Министерство за земјоделство,шумарство и водостопанство','Министерство за земјоделство,шумарство и водостопанство',5),
(49,'Министерство за информатичко општество и администрација','Министерство за информатичко општество и администрација','Министерство за информатичко општество и администрација',5),
(50,'Министерство за култура','Министерство за култура','Министерство за култура',5),
(51,'Министерство за локална самоуправа','Министерство за локална самоуправа','Министерство за локална самоуправа',5),
(52,'Министерство за надворешни работи','Министерство за надворешни работи','Министерство за надворешни работи',5),
(53,'Министерство за образование и наука','Министерство за образование и наука','Министерство за образование и наука',5),
(54,'Министерство за одбрана','Министерство за одбрана','Министерство за одбрана',5),
(55,'Министерство за политички систем и односи меѓу заедниците','Министерство за политички систем и односи меѓу заедниците','Министерство за политички систем и односи меѓу заедниците',5),
(56,'Министерство за правда','Министерство за правда','Министерство за правда',5),
(57,'Министерство за транспорт и врски','Министерство за транспорт и врски','Министерство за транспорт и врски',5),
(58,'Министерство за труд и социјална политика','Министерство за труд и социјална политика','Министерство за труд и социјална политика',5),
(59,'Министерство за финансии','Министерство за финансии','Министерство за финансии',5),
(60,'Националната агенција за европски образовни програми и мобилност','Националната агенција за европски образовни програми и мобилност','Националната агенција за европски образовни програми и мобилност',1),
(61,'Оперативно-техничка агенција-Скопје','Оперативно-техничка агенција-Скопје','Оперативно-техничка агенција-Скопје',1),
(62,'Претседател на Република Северна Македонија','Претседател на Република Северна Македонија','Претседател на Република Северна Македонија',7),
(63,'Регулаторна Комисија за домување','Регулаторна Комисија за домување','Регулаторна Комисија за домување',4),
(64,'Регулаторна комисија за енергетика и водни услуги на Република Северна Македонија','Регулаторна комисија за енергетика и водни услуги на Република Северна Македонија','Регулаторна комисија за енергетика и водни услуги на Република Северна Македонија',4),
(65,'Секретаријат за европски прашања','Секретаријат за европски прашања','Секретаријат за европски прашања',2),
(66,'Секретаријат за законодавство','Секретаријат за законодавство','Секретаријат за законодавство',2),
(67,'Служба за општи и заеднички работи на Владата','Служба за општи и заеднички работи на Владата','Служба за општи и заеднички работи на Владата',2),
(68,'Собрание на Република Северна Македонија','Собрание на Република Северна Македонија','Собрание на Република Северна Македонија',10),
(69,'Фонд за здравствено осигурување на Република Северна Македонија','Фонд за здравствено осигурување на Република Северна Македонија','Фонд за здравствено осигурување на Република Северна Македонија',12),
(70,'Фонд на пензиското и инвалидското осигурување на Република Северна Македонија','Фонд на пензиското и инвалидското осигурување на Република Северна Македонија','Фонд на пензиското и инвалидското осигурување на Република Северна Македонија',12),
(71,'Народна банка на Република Северна Македонија','Народна банка на Република Северна Македонија','Народна банка на Република Северна Македонија',6),
(72,'Централен регистар на Република Северна Македонија','Централен регистар на Република Северна Македонија','Централен регистар на Република Северна Македонија',13),
(73,'Инспекциски совет','Инспекциски совет','Инспекциски совет',3),
(74,'Совет за унапредување и надзор на ревизијата на Република Северна Македонија','Совет за унапредување и надзор на ревизијата на Република Северна Македонија','Совет за унапредување и надзор на ревизијата на Република Северна Македонија',11),
(75,'Ревизорско тело за ревизија на инструментот за претпристапна помош','Ревизорско тело за ревизија на инструментот за претпристапна помош','Ревизорско тело за ревизија на инструментот за претпристапна помош',8),
(76,'Републички совет за безбедност на сообраќајот на патиштата','Републички совет за безбедност на сообраќајот на патиштата','Републички совет за безбедност на сообраќајот на патиштата',9);

INSERT INTO institution (id, name_al, name_en, name_mk, address, phone, web_site)
values
(1,'Претседател на Република Северна Македонија','Претседател на Република Северна Македонија','Претседател на Република Северна Македонија','ул.„Ацо Караманов„ бр.33 А, Скопје','(02) 3253-105;(02) 3253-150','http://pretsedatel.mk/'),
(2,'Собрание на Република Северна Македонија','Собрание на Република Северна Македонија','Собрание на Република Северна Македонија','Бул.„11 Октомври” 10, Скопје','(02) 3112-255','www.sobranie.mk'),
(3,'Влада на Република Северна Македонија','Влада на Република Северна Македонија','Влада на Република Северна Македонија','бул. „Илинден” бр.2, Скопје','(02) 3118-022','www.vlada.mk'),
(4,'Канцеларија на Претседателот на Владата на Република Северна Македонија','Канцеларија на Претседателот на Владата на Република Северна Македонија','Канцеларија на Претседателот на Владата на Република Северна Македонија','бул.„Илинден“ бр.2','(02) 3118-022;(02) 3115-389','www.vlada.mk'),
(5,'Генерален секретаријат','Генерален секретаријат','Генерален секретаријат','бул.„Илинден“ бр.2','(02) 3118-022;(02) 3116-785','www.vlada.mk'),
(6,'Секретаријат за европски прашања','Секретаријат за европски прашања','Секретаријат за европски прашања','Кеј Димитар Влахов бр.4, С к о п ј е','(02) 3200-104','www.sep.gov.mk'),
(7,'Служба за општи и заеднички работи на Владата','Служба за општи и заеднички работи на Владата','Служба за општи и заеднички работи на Владата','Плоштад Пресвета Богородица бр.3, С к о п ј е','(02) 3146-700',''),
(8,'Секретаријат за законодавство','Секретаријат за законодавство','Секретаријат за законодавство','ул.„Св. Кирил и Методиј” бр.54, С к о п ј е','(02) 3228-203','www.sz.gov.mk'),
(9,'Министерство за финансии','Министерство за финансии','Министерство за финансии','“Даме Груев” бр.12 ,Скопје','(02) 3255-621','www.finance.gov.mk'),
(10,'Управа за имотно-правни работи','Управа за имотно-правни работи','Управа за имотно-правни работи','Даме Груев” бр.12','02) 3255- 669','http://146.255.84.91/node/104'),
(11,'Царинска управа на Република Северна Македонија','Царинска управа на Република Северна Македонија','Царинска управа на Република Северна Македонија','ул.„Лазар Личеноски” бр.13,С к о п ј е','(02) 3116-188; (02) 3237-832','www.customs.gov.mk'),
(12,'Царинска управа на Република Северна Македонија','Царинска управа на Република Северна Македонија','Царинска управа на Република Северна Македонија','ул.„Лазар Личеноски” бр.13,С к о п ј е','(02) 3116-188; (02) 3237-832','www.customs.gov.mk'),
(13,'Царинска управа на Република Северна Македонија','Царинска управа на Република Северна Македонија','Царинска управа на Република Северна Македонија','ул.„Лазар Личеноски” бр.13,С к о п ј е','(02) 3116-188;(02) 3237-832','www.customs.gov.mk'),
(14,'Биро за јавни набавки','Биро за јавни набавки','Биро за јавни набавки','ул. „Даме Груев“ бр. 12, С к о п ј е','(02) 3255 689','http://www.bjn.gov.mk/'),
(15,'Биро за јавни набавки','Биро за јавни набавки','Биро за јавни набавки','ул. „Даме Груев“ бр. 12, С к о п ј е','(02) 3255 690','http://www.bjn.gov.mk/'),
(16,'Биро за јавни набавки','Биро за јавни набавки','Биро за јавни набавки','ул. „Даме Груев“ бр. 12, С к о п ј е','(02) 3255 691','http://www.bjn.gov.mk/'),
(17,'Управа за финансиска полиција','Управа за финансиска полиција','Управа за финансиска полиција','Плоштад  Пресвета Богородица бр.3,  , С к о п ј е','(02) 3231- 578','http://www.finpol.gov.mk/'),
(18,'Управа за финансиско разузнавање','Управа за финансиско разузнавање','Управа за финансиско разузнавање','Бул.” Пресвета Богородица ” бр.3,  6 кат С к о п ј е','(02) 3297-540;(02) 3224-824','http://www.ufr.gov.mk'),
(19,'Државен девизен инспекторат','Државен девизен инспекторат','Државен девизен инспекторат','ул. „Даме Груев“ бр.14','072 21 71 72;072 59 60 85;076 44 58 27','www.finance.gov.mk'),
(20,'Министерство за одбрана','Министерство за одбрана','Министерство за одбрана','ул.”Орце Николов” бр.116, Скопје','(02) 3282-121;(02) 3281-908','www.morm.gov.mk'),
(21,'Министерство за одбрана','Министерство за одбрана','Министерство за одбрана','ул.”Орце Николов” бр.116, Скопје','(02) 3282-121;(02) 3281-908','www.morm.gov.mk'),
(22,'Министерство за транспорт и врски','Министерство за транспорт и врски','Министерство за транспорт и врски','ул.”Даме Груев” бр.6  Скопје','(02) 3145-497;(02) 3123-292;(02) 3126-228','www.mtc.gov.mk'),
(23,'Министерство за транспорт и врски','Министерство за транспорт и врски','Министерство за транспорт и врски','ул.”Даме Груев” бр.6  Скопје','(02) 3145-497;(02) 3123-292;(02) 3126-228','www.mtc.gov.mk'),
(24,'Министерство за транспорт и врски','Министерство за транспорт и врски','Министерство за транспорт и врски','ул.”Даме Груев” бр.6  Скопје','(02) 3145-497;(02) 3123-292;(02) 3126-228','www.mtc.gov.mk'),
(25,'Капетанија на пристаништата-Охрид','Капетанија на пристаништата-Охрид','Капетанија на пристаништата-Охрид','ул.„Коста Абраш„  бр.1','(046) 260-451',''),
(26,'Државен инспекторат за транспорт','Државен инспекторат за транспорт','Државен инспекторат за транспорт','ул. “Кузман Јосифовски-Питу“ бр.21, С к о п ј е','(02) 2464-510;(02) 2464-104;(02) 2464-910','http://dti.gov.mk/'),
(27,'Државен комунален инспекторат','Државен комунален инспекторат','Државен комунален инспекторат','бул„Кузман Јосифовски Питу“ бр.15, , лок.1/2 С к о п ј е','(02) 2462-959;(02) 2462-595','http://dki.gov.mk/'),
(28,'Државен инспекторат за градежништво и урбанизам','Државен инспекторат за градежништво и урбанизам','Државен инспекторат за градежништво и урбанизам','бул.“Гоце Делчев“ бр.18, С к о п ј е','(02) 3226-183','www.mtc.gov.mk'),
(29,'Министерство за надворешни работи','Министерство за надворешни работи','Министерство за надворешни работи','булевар “Филип Втори Македонски“ бр. 7, Скопје','(02) 3115-266;(02) 3115-790','www.mfa.gov.mk'),
(30,'Министерство за надворешни работи','Министерство за надворешни работи','Министерство за надворешни работи','булевар “Филип Втори Македонски“ бр. 7, Скопје','(02) 3115-266;(02) 3115-790','www.mfa.gov.mk'),
(31,'Министерство за надворешни работи','Министерство за надворешни работи','Министерство за надворешни работи','булевар “Филип Втори Македонски“ бр. 7, Скопје','(02) 3115-266;(02) 3115-790','www.mfa.gov.mk'),
(32,'Министерство за земјоделство,шумарство и водостопанство','Министерство за земјоделство,шумарство и водостопанство','Министерство за земјоделство,шумарство и водостопанство','ул.„Аминта трети” бр .2 , Скопје','(02) 3134-477;(02) 3230-429;e-mail: info@mzsv.gov.mk','www.mzsv.gov.mk'),
(33,'Министерство за земјоделство,шумарство и водостопанство','Министерство за земјоделство,шумарство и водостопанство','Министерство за земјоделство,шумарство и водостопанство','ул.„Аминта трети” бр .2 , Скопје','(02) 3134-477;(02) 3230-429;e-mail: info@mzsv.gov.mk','www.mzsv.gov.mk'),
(34,'Министерство за земјоделство,шумарство и водостопанство','Министерство за земјоделство,шумарство и водостопанство','Министерство за земјоделство,шумарство и водостопанство','ул.„Аминта трети” бр .2 , Скопје','(02) 3134-477;(02) 3230-429;e-mail: info@mzsv.gov.mk','www.mzsv.gov.mk'),
(35,'Министерство за земјоделство,шумарство и водостопанство','Министерство за земјоделство,шумарство и водостопанство','Министерство за земјоделство,шумарство и водостопанство','ул.„Аминта трети” бр .2 , Скопје','(02) 3134-477;(02) 3230-429;e-mail: info@mzsv.gov.mk','www.mzsv.gov.mk'),
(36,'Министерство за земјоделство,шумарство и водостопанство','Министерство за земјоделство,шумарство и водостопанство','Министерство за земјоделство,шумарство и водостопанство','ул.„Аминта трети” бр .2 , Скопје','(02) 3134-477;(02) 3230-429;e-mail: info@mzsv.gov.mk','www.mzsv.gov.mk'),
(37,'Министерство за земјоделство,шумарство и водостопанство','Министерство за земјоделство,шумарство и водостопанство','Министерство за земјоделство,шумарство и водостопанство','ул.„Аминта трети” бр .2 , Скопје','(02) 3134-477;(02) 3230-429;e-mail: info@mzsv.gov.mk','www.mzsv.gov.mk'),
(38,'Министерство за земјоделство,шумарство и водостопанство','Министерство за земјоделство,шумарство и водостопанство','Министерство за земјоделство,шумарство и водостопанство','ул.„Аминта трети” бр .2 , Скопје','(02) 3134-477;(02) 3230-429;e-mail: info@mzsv.gov.mk','www.mzsv.gov.mk'),
(39,'Министерство за земјоделство,шумарство и водостопанство','Министерство за земјоделство,шумарство и водостопанство','Министерство за земјоделство,шумарство и водостопанство','ул.„Аминта трети” бр .2 , Скопје','(02) 3134-477;(02) 3230-429;e-mail: info@mzsv.gov.mk','www.mzsv.gov.mk'),
(40,'Министерство за земјоделство,шумарство и водостопанство','Министерство за земјоделство,шумарство и водостопанство','Министерство за земјоделство,шумарство и водостопанство','ул.„Аминта трети” бр .2 , Скопје','(02) 3134-477;(02) 3230-429;e-mail: info@mzsv.gov.mk','www.mzsv.gov.mk'),
(41,'Министерство за земјоделство,шумарство и водостопанство','Министерство за земјоделство,шумарство и водостопанство','Министерство за земјоделство,шумарство и водостопанство','ул.„Аминта трети” бр .2 , Скопје','(02) 3134-477;(02) 3230-429;e-mail: info@mzsv.gov.mk','www.mzsv.gov.mk'),
(42,'Министерство за земјоделство,шумарство и водостопанство','Министерство за земјоделство,шумарство и водостопанство','Министерство за земјоделство,шумарство и водостопанство','ул.„Аминта трети” бр .2 , Скопје','(02) 3134-477;(02) 3230-429;e-mail: info@mzsv.gov.mk','www.mzsv.gov.mk'),
(43,'Министерство за земјоделство,шумарство и водостопанство','Министерство за земјоделство,шумарство и водостопанство','Министерство за земјоделство,шумарство и водостопанство','ул.„Аминта трети” бр .2 , Скопје','(02) 3134-477;(02) 3230-429;e-mail: info@mzsv.gov.mk','www.mzsv.gov.mk'),
(44,'Министерство за земјоделство,шумарство и водостопанство','Министерство за земјоделство,шумарство и водостопанство','Министерство за земјоделство,шумарство и водостопанство','ул.„Аминта трети” бр .2 , Скопје','(02) 3134-477;(02) 3230-429;e-mail: info@mzsv.gov.mk','www.mzsv.gov.mk'),
(45,'Управа за семе и саден материјал','Управа за семе и саден материјал','Управа за семе и саден материјал','ул.„Трета Македонска бригада“ б.б., Скопје','(02) 3226-417','www.mzsv.gov.mk'),
(46,'Фитосанитарна управа','Фитосанитарна управа','Фитосанитарна управа','ул.„Трета Македонска бригада„ б.б.','(02) 3112-210','www.mzsv.gov.mk'),
(47,'Државен инспекторат за шумарство и ловство','Државен инспекторат за шумарство и ловство','Државен инспекторат за шумарство и ловство','ул.“Аминта Трети“ бр.2, С к о п ј е','(02) 3241-826','www.mzsv.gov.mk'),
(48,'Државен инспекторат за земјоделство','Државен инспекторат за земјоделство','Државен инспекторат за земјоделство','бул.”Гоце Делчев” бр.18, Скопје;зграда на МРТ 13 кат','(02) 3121-462','www.diz.gov.mk'),
(49,'Министерство за внатрешни работи','Министерство за внатрешни работи','Министерство за внатрешни работи','ул.”Димче Мирчев” бр.9, Скопје','(02) 3143  296','www.mvr.gov.mk'),
(50,'Министерство за економија','Министерство за економија','Министерство за економија','ул.”Јуриј Гагарин” бр.15, Скопје','(02) 3224-936;(02) 3118-289','www.economy.gov.mk'),
(51,'Државен пазарен инспекторат','Државен пазарен инспекторат','Државен пазарен инспекторат','ул.„Луј Пастер„ бр.1  , спрат 2 и 3 Скопје','(02) 3220-547;(02) 3162-341','www.dpi.gov.mk'),
(52,'Државен пазарен инспекторат','Државен пазарен инспекторат','Државен пазарен инспекторат','ул.„Луј Пастер„ бр.1  , спрат 2 и 3 Скопје','(02) 3220-547;(02) 3162-341','www.dpi.gov.mk'),
(53,'Биро за метрологија','Биро за метрологија','Биро за метрологија','бул.„Јане Сандански“ бр.109 А, Скопје','(02) 2403-676;(02) 2444-676','www.bom.gov.mk'),
(54,'Државен инспекторат за техничка инспекција','Државен инспекторат за техничка инспекција','Државен инспекторат за техничка инспекција','ул.”Јуриј Гагарин” бр.15, Скопје','(02) 3118-289','www.diti.gov.mk'),
(55,'Државен инспекторат за техничка инспекција','Државен инспекторат за техничка инспекција','Државен инспекторат за техничка инспекција','ул.”Јуриј Гагарин” бр.15, Скопје','(02) 3118-290','www.diti.gov.mk'),
(56,'Управа за наменско производство','Управа за наменско производство','Управа за наменско производство','ул.„Михаил Цоков„ б.б. барака 7','(02) 3211-395;(02) 3227-521',''),
(57,'Министерство за правда','Министерство за правда','Министерство за правда','ул.”Димитрие Чуповски” бр.9, Скопје','(02) 3116- 493;(02) 3116-123','www.pravda.gov.mk'),
(58,'Управа за извршување санкции','Управа за извршување санкции','Управа за извршување санкции','ул.„Димитрие Чуповски“ бр.9, Скопје','(02) 3128-059','www.pravda.gov.mk'),
(59,'Биро за застапување на Република Северна Македонија пред Европскиот суд за човекови права','Биро за застапување на Република Северна Македонија пред Европскиот суд за човекови права','Биро за застапување на Република Северна Македонија пред Европскиот суд за човекови права','ул.„Димитрие Чуповски„ бр.9','(02) 3109-784','biroescp.gov.mk'),
(60,'Управа за водење на матичните книги','Управа за водење на матичните книги','Управа за водење на матичните книги','ул.„ Св. Кирил и Методиј“ бр.54','(02) 3223-787','www.uvmk.gov.mk'),
(61,'Министерство за животна средина и просторно планирање','Министерство за животна средина и просторно планирање','Министерство за животна средина и просторно планирање','Плоштад Пресвета Богородица  бр. 3 Скопје','(02) 3225 237','www.moepp.gov.mk'),
(62,'Министерство за труд и социјална политика','Министерство за труд и социјална политика','Министерство за труд и социјална политика','ул.„Даме Груев” бр.14, Скопје','(02) 3106-224','www.mtsp.gov.mk'),
(63,'Државен инспекторат за труд','Државен инспекторат за труд','Државен инспекторат за труд','бул.„Партизански одреди“ бр.48а','(02) 3116 -110','www.dit.gov.mk'),
(64,'Министерство за образование и наука','Министерство за образование и наука','Министерство за образование и наука','бул. „Св.Кирил и Методиј“ бр.54, Скопје','(02) 3117-896;(02) 3118-144','www.mon.gov.mk'),
(65,'Сектор за унапредување на основното и средното образование','Сектор за унапредување на основното и средното образование','Сектор за унапредување на основното и средното образование','','',''),
(66,'Сектор за унапредување на високото образование','Сектор за унапредување на високото образование','Сектор за унапредување на високото образование','','',''),
(67,'Сектор за финансиски прашања','Сектор за финансиски прашања','Сектор за финансиски прашања','','',''),
(68,'Сектор за Европска унија','Сектор за Европска унија','Сектор за Европска унија','','',''),
(69,'Сектор за нормативно-правни работи','Сектор за нормативно-правни работи','Сектор за нормативно-правни работи','','',''),
(70,'Сектор за наука и технолошки развој','Сектор за наука и технолошки развој','Сектор за наука и технолошки развој','','',''),
(71,'Управа за развој и унапредување на образованието на јазиците и припадниците на заедниците','Управа за развој и унапредување на образованието на јазиците и припадниците на заедниците','Управа за развој и унапредување на образованието на јазиците и припадниците на заедниците','','(02) 3140-156','www.mon.gov.mk'),
(72,'Педагошка служба','Педагошка служба','Педагошка служба','ул. „Мито Хаџивасилев Јасмин„ бб','(02) 3117-896;(02) 3118-414','www.mon.gov.mk'),
(73,'Одделение за ученички и студентски стандард','Одделение за ученички и студентски стандард','Одделение за ученички и студентски стандард','','',''),
(74,'Државен просветен инспекторат','Државен просветен инспекторат','Државен просветен инспекторат','ул. „Св.Кирил и Методиј„ бр.54','(02) 3140-126',''),
(75,'Државен просветен инспекторат','Државен просветен инспекторат','Државен просветен инспекторат','ул. „Св.Кирил и Методиј„ бр.55','(02) 3140-127',''),
(76,'Биро за развој на образованието','Биро за развој на образованието','Биро за развој на образованието','ул.”Руѓер Бошковиќ” бр.20, С к о п ј е','(02) 3064-131;(02) 3061-057','www.bro.gov.mk'),
(77,'Државен испитен центар','Државен испитен центар','Државен испитен центар','ул.„Васил Ѓоргов„ б.б.','(02) 3216-299;(02) 3228-866','www.dic.edu.mk'),
(78,'Државен испитен центар','Државен испитен центар','Државен испитен центар','ул.„Васил Ѓоргов„ б.б.','(02) 3216-299;(02) 3228-866','www.dic.edu.mk'),
(79,'Центар за стручно образование и обука','Центар за стручно образование и обука','Центар за стручно образование и обука','бул.„Гоце Делчев„ бр.18','(02) 3135-484;(02) 3111-085','www.csoo.edu.mk'),
(80,'Министерство за култура','Министерство за култура','Министерство за култура','ул.„Ѓуро Ѓаковиќ“ бр. 61, Скопје','(02) 3240-500;(02) 3240-561',''),
(81,'Министерство за култура','Министерство за култура','Министерство за култура','ул.„Ѓуро Ѓаковиќ“ бр. 61, Скопје','(02) 3240-500;(02) 3240-561','www.kultura.gov.mk'),
(82,'Управа за заштита на културното наследство','Управа за заштита на културното наследство','Управа за заштита на културното наследство','ул.„Павел Шатев“ бр. 3','(02) 55 17 700',''),
(83,'Управа за афирмирање и унапредување на културата на припадниците на заедниците','Управа за афирмирање и унапредување на културата на припадниците на заедниците','Управа за афирмирање и унапредување на културата на припадниците на заедниците','ул.„Ѓуро Ѓаковиќ“ бр. 61, Скопје','(02) 3240-512','www.kultura.gov.mk'),
(84,'Управа за афирмирање и унапредување на културата на припадниците на заедниците','Управа за афирмирање и унапредување на културата на припадниците на заедниците','Управа за афирмирање и унапредување на културата на припадниците на заедниците','ул.„Ѓуро Ѓаковиќ“ бр. 61, Скопје','(02) 3240-513','www.kultura.gov.mk'),
(85,'Министерство за здравство','Министерство за здравство','Министерство за здравство','ул.„50-та Дивизија” бр.14  Скопје','(02) 3112-500','http://zdravstvo.gov.mk/'),
(86,'Сектор за примарна здравствена заштита','Сектор за примарна здравствена заштита','Сектор за примарна здравствена заштита','','',''),
(87,'Сектор за човечки ресурси','Сектор за човечки ресурси','Сектор за човечки ресурси','','',''),
(88,'Сектор за стоматолошка здравствена заштита','Сектор за стоматолошка здравствена заштита','Сектор за стоматолошка здравствена заштита','','',''),
(89,'Сектор за здравствено осигурување и следење на работата на ФЗОМ','Сектор за здравствено осигурување и следење на работата на ФЗОМ','Сектор за здравствено осигурување и следење на работата на ФЗОМ','','',''),
(90,'Сектор за општи работи','Сектор за општи работи','Сектор за општи работи','','',''),
(91,'Сектор за европски интеграции','Сектор за европски интеграции','Сектор за европски интеграции','','',''),
(92,'Сектор за превентивна здравствена заштита','Сектор за превентивна здравствена заштита','Сектор за превентивна здравствена заштита','','',''),
(93,'Сектор за нормативно – правни и управни работи','Сектор за нормативно – правни и управни работи','Сектор за нормативно – правни и управни работи','','',''),
(94,'Сектор за менаџирање на кризни состојби, медицинска опрема и донации','Сектор за менаџирање на кризни состојби, медицинска опрема и донации','Сектор за менаџирање на кризни состојби, медицинска опрема и донации','','',''),
(95,'Сектор за секундарна и терцијарна здравствена заштита','Сектор за секундарна и терцијарна здравствена заштита','Сектор за секундарна и терцијарна здравствена заштита','','',''),
(96,'Сектор за секундарна и терцијарна здравствена заштита','Сектор за секундарна и терцијарна здравствена заштита','Сектор за секундарна и терцијарна здравствена заштита','','',''),
(97,'Сектор за финансиски прашања','Сектор за финансиски прашања','Сектор за финансиски прашања','','',''),
(98,'Државен, санитарен и здравствен инспекторат','Државен, санитарен и здравствен инспекторат','Државен, санитарен и здравствен инспекторат','ул.„Мајка Тереза„ б.б. Скопје','(02) 3121-146','www.zdravstvo.gov.mk'),
(99,'Агенција за лекови и медицински средства','Агенција за лекови и медицински средства','Агенција за лекови и медицински средства','ул.„Св.Кирил и Методиј„ бр.54, зграда 1, кат 1','(02) 5112 394','http://malmed.gov.mk'),
(100,'Министерство за локална самоуправа','Министерство за локална самоуправа','Министерство за локална самоуправа','ул.„Св. Кирил и Методиј” бр.54, Скопје','(02) 3 253-943;(02) 3 253-921','www.mls.gov.mk'),
(101,'Биро за регионален развој','Биро за регионален развој','Биро за регионален развој','ул.„Свети Кирил и Методиј“ бр.20, Скопје ','(02) 3121-350;(02) 3126-411','www.brr.gov.mk'),
(102,'Државен инспекторат за локална самоуправа','Државен инспекторат за локална самоуправа','Државен инспекторат за локална самоуправа','ул.”Св.Кирил и Методиј“  бр 54    С к о п ј е','(02) 3253 -941','www.mls.gov.mk'),
(103,'Министерство за информатичко општество и администрација','Министерство за информатичко општество и администрација','Министерство за информатичко општество и администрација','бул. „Св.Кирил и Методиј“ бр.54, Скопје','(02) 3200-900;(02) 3221-883','www.mioa.gov.mk'),
(104,'Државен управен инспекторат','Државен управен инспекторат','Државен управен инспекторат','ул. “Даме Груев„ бр. 5 кат 1','(02) 3225 949','http://mioa.gov.mk'),
(105,'Државен управен инспекторат','Државен управен инспекторат','Државен управен инспекторат','ул. “Даме Груев„ бр. 5 кат 2','(02) 3225 950','http://mioa.gov.mk'),
(106,'Министерство за политички систем и односи меѓу заедниците','Министерство за политички систем и односи меѓу заедниците','Министерство за политички систем и односи меѓу заедниците','бул.„Илинден“ бр.2, С к о п ј е','(02) 3118 022;(02) 3223-559','www.mpsoz.gov.mk'),
(107,'Народна банка на Република Северна Македонија','Народна банка на Република Северна Македонија','Народна банка на Република Северна Македонија','бул.„Кузман Јосифовски-Питу“ бр.1, Скопје','(02) 3108-259','http://www.nbrm.mk;; '),
(108,'Централен регистар на Република Северна Македонија','Централен регистар на Република Северна Македонија','Централен регистар на Република Северна Македонија','бул.”Кузман Јосифовски-Питу” бр.1, Скопје','(02) 3288-100;(02) 3123-169         ','www.crm.org.mk'),
(109,'Инспекциски совет','Инспекциски совет','Инспекциски совет','ул. „Даме Груев„ бр.3, блок 2, лок.5','(02) 3121-055','www.is.gov.mk'),
(110,'Државен инспекторат за животна средина','Државен инспекторат за животна средина','Државен инспекторат за животна средина','бул.„Кеј Димитар Влахов„ бр.4','(02) 3220-187','www.sei.gov.mk'),
(111,'Совет за унапредување и надзор на ревизијата на Република Северна Македонија','Совет за унапредување и надзор на ревизијата на Република Северна Македонија','Совет за унапредување и надзор на ревизијата на Република Северна Македонија','ул.„11-ти Октомври“ бр.7,, ГТЦ 2 кат','(02) 3222-667','www.sunr.mk'),
(112,'Ревизорско тело за ревизија на инструментот за претпристапна помош','Ревизорско тело за ревизија на инструментот за претпристапна помош','Ревизорско тело за ревизија на инструментот за претпристапна помош','ул.„11 Октомври„ бр.36','(02) 3215-621;(02) 3222-304','www.aaipa.gov.mk'),
(113,'Републички совет за безбедност на сообраќајот на патиштата','Републички совет за безбедност на сообраќајот на патиштата','Републички совет за безбедност на сообраќајот на патиштата','ул.„Горѓи Димитров“ бр13, Скопје','(02) 2700-047',''),
(114,'Агенција за заштита на лични податоци','Агенција за заштита на лични податоци','Агенција за заштита на лични податоци','бул.„Гоце Делчев“ бр.18, Скопје','(02) 3230-635  (002)','www.dzlp.mk'),
(115,'Агенција за заштита на правото на слободен пристап до информациите од јавен карактер','Агенција за заштита на правото на слободен пристап до информациите од јавен карактер','Агенција за заштита на правото на слободен пристап до информациите од јавен карактер','бул.”Гоце Делчев” бр.18, Скопје','(02) 3118-038;(02) 3127-453','www.komspi.mk'),
(116,'Агенција за заштита на правото на слободен пристап до информациите од јавен карактер','Агенција за заштита на правото на слободен пристап до информациите од јавен карактер','Агенција за заштита на правото на слободен пристап до информациите од јавен карактер','бул.”Гоце Делчев” бр.18, Скопје','(02) 3118-038;(02) 3127-453','www.komspi.mk'),
(117,'Агенција за заштита на правото на слободен пристап до информациите од јавен карактер','Агенција за заштита на правото на слободен пристап до информациите од јавен карактер','Агенција за заштита на правото на слободен пристап до информациите од јавен карактер','бул.”Гоце Делчев” бр.18, Скопје','(02) 3118-038;(02) 3127-453','www.komspi.mk'),
(118,'Агенција за катастар на недвижности','Агенција за катастар на недвижности','Агенција за катастар на недвижности','ул „Трифун Хаџи Јанев„ бр.4 Скопје','(02) 3204-800;(02) 3171-668','www.katastar.gov.mk '),
(119,'Агенција за катастар на недвижности','Агенција за катастар на недвижности','Агенција за катастар на недвижности','ул „Трифун Хаџи Јанев„ бр.4 Скопје','(02) 3204-800;(02) 3171-668','www.katastar.gov.mk '),
(120,'Агенција за финансиска поддршка во земјоделството и руралниот развој','Агенција за финансиска поддршка во земјоделството и руралниот развој','Агенција за финансиска поддршка во земјоделството и руралниот развој','бул.„Трета Македонска Бригада„ бр.20  Скопје','(02) 3097-450;(02) 3097-454','www.ipardpa.gov.mk'),
(121,'Агенција за финансиска поддршка во земјоделството и руралниот развој','Агенција за финансиска поддршка во земјоделството и руралниот развој','Агенција за финансиска поддршка во земјоделството и руралниот развој','ул.”III  Mакедонска бригада” бр.67 Скопје','(02) 3294-318;(02) 3294-348',''),
(122,'Агенција за разузнавање','Агенција за разузнавање','Агенција за разузнавање','ул.”III  Mакедонска бригада” бр.67 Скопје','(02) 3294-318;(02) 3294-348','www.ia.gov.mk'),
(123,'Агенција за управување со одземен имот','Агенција за управување со одземен имот','Агенција за управување со одземен имот','ул.„Македонија„ бр.5','(02) 3254-380','www.odzemenimot.gov.mk'),
(124,'Агенција за управување со одземен имот','Агенција за управување со одземен имот','Агенција за управување со одземен имот','ул.„Македонија„ бр.6','(02) 3254-381','www.odzemenimot.gov.mk'),
(125,'Агенција за пошти','Агенција за пошти','Агенција за пошти','ул „Кеј 13-ти ноември„ ГТЦ 2 кат, секција 6 локал 116 Скопје','(02) 3212-107','www.ap.mk'),
(126,'Агенција за администрација','Агенција за администрација','Агенција за администрација','ул.”Јуриј Гагарин” бр.15  Скопје','(02) 3094-200;(02) 3082-937','www.ads.gov.mk'),
(127,'Агенција за стоковни резерви','Агенција за стоковни резерви','Агенција за стоковни резерви','ул.”Орце Николов” бр.71, Скопје','(02) 3116-249;(02) 3298-273','www.asr.gov.mk'),
(128,'Агенција за стоковни резерви','Агенција за стоковни резерви','Агенција за стоковни резерви','ул.”Орце Николов” бр.71, Скопје','(02) 3116-249;(02) 3298-273','www.asr.gov.mk'),
(129,'Агенција за остварување на правата на заедниците','Агенција за остварување на правата на заедниците','Агенција за остварување на правата на заедниците','ул.”Даме Груев” бр.1, Скопје','(02) 3253-971;(02) 3253-970;(02) 3253-974','www.aopz.gov.mk'),
(130,'Агенција за млади и спорт','Агенција за млади и спорт','Агенција за млади и спорт','ул.”Македонија” бр.38  Скопје','(02) 3119-628;(02) 3117-693','http://www.ams.gov.mk'),
(131,'Агенција за иселеништво на Република Северна Македонија','Агенција за иселеништво на Република Северна Македонија','Агенција за иселеништво на Република Северна Македонија','ул “Македонија„ бр.19','(02) 3118-633;(02) 3118 539;;','www.minisel.gov.mk'),
(132,'Агенција за иселеништво на Република Северна Македонија','Агенција за иселеништво на Република Северна Македонија','Агенција за иселеништво на Република Северна Македонија','ул “Македонија„ бр.20','(02) 3118-633;(02) 3118 539;;','www.minisel.gov.mk'),
(133,'Агенција за вработување на Република Северна Македонија','Агенција за вработување на Република Северна Македонија','Агенција за вработување на Република Северна Македонија','ул.”Васил Ѓоргов” бр.43, Скопје','(02) 3111-850;(02) 3111-856','www.avrm.gov.mk'),
(134,'Агенција за вработување на Република Северна Македонија','Агенција за вработување на Република Северна Македонија','Агенција за вработување на Република Северна Македонија','ул.”Васил Ѓоргов” бр.43, Скопје','(02) 3111-850;(02) 3111-856','www.avrm.gov.mk'),
(135,'Агенција за вработување на Република Северна Македонија','Агенција за вработување на Република Северна Македонија','Агенција за вработување на Република Северна Македонија','ул.”Васил Ѓоргов” бр.43, Скопје','(02) 3111-850;(02) 3111-856','www.avrm.gov.mk'),
(136,'Агенција за електронски комуникации','Агенција за електронски комуникации','Агенција за електронски комуникации','Кеј Димитар Влахов број 21, 1000 Скопје','(02) 3289-200;(02) 3224-611','www.aek.mk'),
(137,'Националната агенција за европски образовни програми и мобилност','Националната агенција за европски образовни програми и мобилност','Националната агенција за европски образовни програми и мобилност','бул. Кузман Јосифовски Питу бр. 17','(02) 3109-045;(02) 3109-043','www.na.org.mk'),
(138,'Агенција за странски инвестиции и промоција на извозот на Република Северна Македонија','Агенција за странски инвестиции и промоција на извозот на Република Северна Македонија','Агенција за странски инвестиции и промоција на извозот на Република Северна Македонија','ул. “Никола Вапцаров” бр.7   Скопје','(02) 3169-100','www.investinmacedonia.com;http://www.investinmacedonia.com/public-information'),
(139,'Агенција за супервизија на капитално финансирано пензиско осигурување МАПАС','Агенција за супервизија на капитално финансирано пензиско осигурување МАПАС','Агенција за супервизија на капитално финансирано пензиско осигурување МАПАС','ул. “Стив Наумов „ бр.100','(02) 3224-229','www.mapas.gov.mk'),
(140,'Агенција за поттикнување на развојот на земјоделството -Битола','Агенција за поттикнување на развојот на земјоделството -Битола','Агенција за поттикнување на развојот на земјоделството -Битола','ул.”Климент Охридски” бб.-Пелагонка II, 5/3','(072 ) 244-484','www.agencija.gov.mk'),
(141,'Агенција за цивилно воздухопловство','Агенција за цивилно воздухопловство','Агенција за цивилно воздухопловство','ул.”Даме Груев” бр.1','(02) 3114-046;(02) 3115-708','www.caa.gov.mk'),
(142,'Агенција за цивилно воздухопловство','Агенција за цивилно воздухопловство','Агенција за цивилно воздухопловство','ул.”Даме Груев” бр.2','(02) 3114-046;(02) 3115-708','www.caa.gov.mk'),
(143,'Агенција за цивилно воздухопловство','Агенција за цивилно воздухопловство','Агенција за цивилно воздухопловство','ул.”Даме Груев” бр.3','(02) 3114-046;(02) 3115-708','www.caa.gov.mk'),
(144,'Агенција за цивилно воздухопловство','Агенција за цивилно воздухопловство','Агенција за цивилно воздухопловство','ул.”Даме Груев” бр.4','(02) 3114-046;(02) 3115-708','www.caa.gov.mk'),
(145,'Агенција за цивилно воздухопловство','Агенција за цивилно воздухопловство','Агенција за цивилно воздухопловство','ул.”Даме Груев” бр.5','(02) 3114-046;(02) 3115-708','www.caa.gov.mk'),
(146,'Агенција за цивилно воздухопловство','Агенција за цивилно воздухопловство','Агенција за цивилно воздухопловство','ул.”Даме Груев” бр.6','(02) 3114-046;(02) 3115-708','www.caa.gov.mk'),
(147,'Агенција за поддршка на претприемништвото на Република Северна Македонија','Агенција за поддршка на претприемништвото на Република Северна Македонија','Агенција за поддршка на претприемништвото на Република Северна Македонија','ул.”Кеј Димитар Влахов ” бр.4, Скопје','(02) 3120-132;(02) 3135-494','www.apprm.gov.mk'),
(148,'Агенција за промоција и поддршка на туризмот','Агенција за промоција и поддршка на туризмот','Агенција за промоција и поддршка на туризмот','ул.  ГТЦ,  кат 02 , локал 11  Скопје','(02) 3223-146;(02) 3223-101','http://tourismmacedonia.gov.mk'),
(149,'Агенција за енергетика на Република Северна Македонија','Агенција за енергетика на Република Северна Македонија','Агенција за енергетика на Република Северна Македонија','ул. „Јуриј Гагарин“  бр.15','(02) 3230-300','www.ea.gov.mk'),
(150,'Агенција за супервизија на осигурување','Агенција за супервизија на осигурување','Агенција за супервизија на осигурување','бул.„Лазар Поп Трајков„ бб, кат 5','(02) 3254-050','www.aso.mk'),
(151,'Агенција за супервизија на осигурување','Агенција за супервизија на осигурување','Агенција за супервизија на осигурување','бул.„Лазар Поп Трајков„ бб, кат 6','(02) 3254-051','www.aso.mk'),
(152,'Агенција за храна и ветеринарство на Република Северна Македонија','Агенција за храна и ветеринарство на Република Северна Македонија','Агенција за храна и ветеринарство на Република Северна Македонија','ул.„Трета Македонска Бригада„ бр.20','(02) 2457-895;(02) 2457-893','www.fva.gov.mk'),
(153,'Агенција за храна и ветеринарство на Република Северна Македонија','Агенција за храна и ветеринарство на Република Северна Македонија','Агенција за храна и ветеринарство на Република Северна Македонија','ул.„Трета Македонска Бригада„ бр.21','(02) 2457-895;(02) 2457-893','www.fva.gov.mk'),
(154,'Агенција за регулирање на железничкиот сектор','Агенција за регулирање на железничкиот сектор','Агенција за регулирање на железничкиот сектор','ул.„Мито Хаџивасилев-Јасмин„ бр.52/1-4','(02) 3220-407','http://arpz.mk/'),
(155,'Агенција за аудио и аудиовизуелни медиумски услуги','Агенција за аудио и аудиовизуелни медиумски услуги','Агенција за аудио и аудиовизуелни медиумски услуги','ул.„Македонија ” бр.38 „ Скопје','(02) 3103-400','www.avmu.mk'),
(156,'Оперативно-техничка агенција-Скопје','Оперативно-техничка агенција-Скопје','Оперативно-техничка агенција-Скопје','ул.„Орце Николов“ бр.48','',''),
(157,'Оперативно-техничка агенција-Скопје','Оперативно-техничка агенција-Скопје','Оперативно-техничка агенција-Скопје','ул.„Орце Николов“ бр.49','',''),
(158,'Агенција за филм на Република Северна Македонија','Агенција за филм на Република Северна Македонија','Агенција за филм на Република Северна Македонија','ул. „8-ми март“ бр.8','(02) 3224-100;(02) 3224-111','http://www.filmfund.gov.mk'),
(159,'Агенција за филм на Република Северна Македонија','Агенција за филм на Република Северна Македонија','Агенција за филм на Република Северна Македонија','ул. „8-ми март“ бр.9','(076) 339-573','http://www.filmfund.gov.mk'),
(160,'Агенција за квалитет и акредитација на здравствени установи','Агенција за квалитет и акредитација на здравствени установи','Агенција за квалитет и акредитација на здравствени установи','Бул. „Гоце Делчев“ бр. 8, згр. МТВ (13 кат)','(02) 3120-545 ','www.akazum.gov.mk'),
(161,'Агенција за планирање на просторот','Агенција за планирање на просторот','Агенција за планирање на просторот','„Плоштад Македонија“ бр 2','(02) 3227-244','http://app.gov.mk/'),
(162,'Агенција за планирање на просторот','Агенција за планирање на просторот','Агенција за планирање на просторот','„Плоштад Македонија“ бр 3','(02) 3227-245','http://app.gov.mk/'),
(163,'Агенција за примена на јазикот што го зборуваат најмалку 20% од граѓаните во Република Северна Македонија','Агенција за примена на јазикот што го зборуваат најмалку 20% од граѓаните во Република Северна Македонија','Агенција за примена на јазикот што го зборуваат најмалку 20% од граѓаните во Република Северна Македонија','ул. „Кеј Димитар Влахов“ бр.4,  кат 4','','https://apj.gov.mk/'),
(164,'Агенција за национална безбедност','Агенција за национална безбедност','Агенција за национална безбедност','','',''),
(165,'Државна комисија за одлучување во втор степен во областа на инспекцискиот надзор и прекршочната постапка','Државна комисија за одлучување во втор степен во областа на инспекцискиот надзор и прекршочната постапка','Државна комисија за одлучување во втор степен во областа на инспекцискиот надзор и прекршочната постапка','ул.Кеј„Димитар Влахов“бр.4','',''),
(166,'Државна комисија за одлучување во втор степен во областа на инспекцискиот надзор и прекршочната постапка','Државна комисија за одлучување во втор степен во областа на инспекцискиот надзор и прекршочната постапка','Државна комисија за одлучување во втор степен во областа на инспекцискиот надзор и прекршочната постапка','ул.Кеј„Димитар Влахов“бр.5','',''),
(167,'Комисија за заштита од дискриминација','Комисија за заштита од дискриминација','Комисија за заштита од дискриминација','Кеј.„Димитар Влахов“ б.б. Зграда на МРТВ 20 кат','(02) 3232-242','www.kzd.mk'),
(168,'Комисија за заштита од дискриминација','Комисија за заштита од дискриминација','Комисија за заштита од дискриминација','Кеј.„Димитар Влахов“ б.б. Зграда на МРТВ 20 кат','(02) 3232-243','www.kzd.mk'),
(169,'Државна комисија за жалби по јавни набавки','Државна комисија за жалби по јавни набавки','Државна комисија за жалби по јавни набавки','бул.„Илинден” бр.63 а  Скопје','(02) 3251-251;(02) 3251-250','www.dkzjn.mk'),
(170,'Комисија за заштита на конкуренцијата','Комисија за заштита на конкуренцијата','Комисија за заштита на конкуренцијата','ул.„Св. Кирил и Методиј”, бр.54, Скопје','(02) 3298-666','www.kzk.gov.mk'),
(171,'Државна изборна комисија','Државна изборна комисија','Државна изборна комисија','бул.”Св.Кирил и Методиј” бр.54, Скопје','(02) 3244-744;(02) 3244-745','www.sec.mk'),
(172,'Државна комисија за спречување на корупцијата','Државна комисија за спречување на корупцијата','Државна комисија за спречување на корупцијата','ул.„Даме Груев„ бр.1, Скопје','(02) 3215-377;(02) 3215-380','www.dksk.mk'),
(173,'Комисија за односи со верските заедници и религиозни групи','Комисија за односи со верските заедници и религиозни групи','Комисија за односи со верските заедници и религиозни групи','ул.”Бихаќка” бр. 2  Палата Емануел Чучков, влез 1, кат 2   Скопје','(02) 3226-777;(02) 3226-353','www.kovz.gov.mk'),
(174,'Комисија за хартии од вредност на Република Северна Македонија','Комисија за хартии од вредност на Република Северна Македонија','Комисија за хартии од вредност на Република Северна Македонија','ул.„Македонија” б.б. Палата  Поп Трајков, 4-ти кат Скопје','(02) 3244-670;(02) 3244-676;(02) 3244-671','www.sec.gov.mk'),
(175,'Регулаторна комисија за енергетика и водни услуги на Република Северна Македонија','Регулаторна комисија за енергетика и водни услуги на Република Северна Македонија','Регулаторна комисија за енергетика и водни услуги на Република Северна Македонија','ул.„Македонија” бр. 25, Палата Лазар Поп Трајков, 6-ти кат, Скопје','(02) 3233-580;(02) 2556-004','www.erc.org.mk'),
(176,'Регулаторна комисија за енергетика и водни услуги на Република Северна Македонија','Регулаторна комисија за енергетика и водни услуги на Република Северна Македонија','Регулаторна комисија за енергетика и водни услуги на Република Северна Македонија','ул.„Македонија” бр. 25, Палата Лазар Поп Трајков, 6-ти кат, Скопје','(02) 3233-580;(02) 2556-004','www.erc.org.mk'),
(177,'Регулаторна Комисија за домување','Регулаторна Комисија за домување','Регулаторна Комисија за домување','ул.„Руѓер Бошковиќ„ б.б.','(02) 3070-746','rkd.gov.mk'),
(178,'Државна комисија за одлучување во управна постапка и постапка од работен однос во втор степен','Државна комисија за одлучување во управна постапка и постапка од работен однос во втор степен','Државна комисија за одлучување во управна постапка и постапка од работен однос во втор степен','ул.„Кеј Димитар Влахов“ бр.4','(02) 3211-343','www.dkz.mk'),
(179,'Државна комисија за одлучување во управна постапка и постапка од работен однос во втор степен','Државна комисија за одлучување во управна постапка и постапка од работен однос во втор степен','Државна комисија за одлучување во управна постапка и постапка од работен однос во втор степен','ул.„Кеј Димитар Влахов“ бр.5','(02) 3211-344','www.dkz.mk'),
(180,'Фонд за здравствено осигурување на Република Северна Македонија','Фонд за здравствено осигурување на Република Северна Македонија','Фонд за здравствено осигурување на Република Северна Македонија','ул.„Македонија” бр.55. Скопје','(02) 3289-000','www.fzo.org.mk'),
(181,'Фонд за здравствено осигурување на Република Северна Македонија','Фонд за здравствено осигурување на Република Северна Македонија','Фонд за здравствено осигурување на Република Северна Македонија','ул.„Македонија” бр.55. Скопје','(02) 3289-001','www.fzo.org.mk'),
(182,'Фонд на пензиското и инвалидското осигурување на Република Северна Македонија','Фонд на пензиското и инвалидското осигурување на Република Северна Македонија','Фонд на пензиското и инвалидското осигурување на Република Северна Македонија','','','');



INSERT INTO institution_categories (institution_id, categories_id) VALUES
(1,62),
(2,68),
(3,31),
(4,39),
(5,32),
(6,65),
(7,67),
(8,66),
(9,59),
(10,59),
(11,59),
(12,59),
(13,59),
(14,59),
(15,59),
(16,59),
(17,59),
(18,59),
(19,59),
(20,54),
(21,54),
(22,57),
(23,57),
(24,57),
(25,57),
(26,57),
(27,57),
(28,57),
(29,52),
(30,52),
(31,52),
(32,48),
(33,48),
(34,48),
(35,48),
(36,48),
(37,48),
(38,48),
(39,48),
(40,48),
(41,48),
(42,48),
(43,48),
(44,48),
(45,48),
(46,48),
(47,48),
(48,48),
(49,44),
(50,45),
(51,45),
(52,45),
(53,45),
(54,45),
(55,45),
(56,45),
(57,56),
(58,56),
(59,56),
(60,56),
(61,46),
(62,58),
(63,58),
(64,53),
(65,53),
(66,53),
(67,53),
(68,53),
(69,53),
(70,53),
(71,53),
(72,53),
(73,53),
(74,53),
(75,53),
(76,53),
(77,53),
(78,53),
(79,53),
(80,50),
(81,50),
(82,50),
(83,50),
(84,50),
(85,47),
(86,47),
(87,47),
(88,47),
(89,47),
(90,47),
(91,47),
(92,47),
(93,47),
(94,47),
(95,47),
(96,47),
(97,47),
(98,47),
(99,47),
(100,51),
(101,51),
(102,51),
(103,49),
(104,49),
(105,49),
(106,55),
(107,71),
(108,72),
(109,73),
(110,33),
(111,74),
(112,75),
(113,76),
(114,6),
(115,7),
(116,7),
(117,7),
(118,9),
(119,9),
(120,28),
(121,28),
(122,20),
(123,26),
(124,26),
(125,17),
(126,1),
(127,22),
(128,22),
(129,13),
(130,11),
(131,8),
(132,8),
(133,3),
(134,3),
(135,3),
(136,4),
(137,60),
(138,23),
(139,24),
(140,16),
(141,30),
(142,30),
(143,30),
(144,30),
(145,30),
(146,30),
(147,15),
(148,19),
(149,5),
(150,25),
(151,25),
(152,29),
(153,29),
(154,21),
(155,2),
(156,61),
(157,61),
(158,27),
(159,27),
(160,10),
(161,14),
(162,14),
(163,18),
(164,12),
(165,36),
(166,36),
(167,41),
(168,41),
(169,35),
(170,40),
(171,34),
(172,38),
(173,42),
(174,43),
(175,64),
(176,64),
(177,63),
(178,37),
(179,37),
(180,69),
(181,69),
(182,70);

insert into institution_tags(institution_id, tags_id) values
(1,1),
(2,1),
(3,1),
(4,1),
(5,1),
(6,1),
(7,1),
(8,1),
(9,1),
(10,1),
(11,1),
(12,1),
(13,1),
(14,1),
(15,1),
(16,1),
(17,1),
(18,1),
(19,1),
(20,1),
(21,1),
(22,1),
(23,1),
(24,1),
(25,1),
(26,1),
(27,1),
(28,1),
(29,1),
(30,1),
(31,1),
(32,1),
(33,1),
(34,1),
(35,1),
(36,1),
(37,1),
(38,1),
(39,1),
(40,1),
(41,1),
(42,1),
(43,1),
(44,1),
(45,1),
(46,1),
(47,1),
(48,1),
(49,1),
(50,1),
(51,1),
(52,1),
(53,1),
(54,1),
(55,1),
(56,1),
(57,1),
(58,1),
(59,1),
(60,1),
(61,1),
(62,1),
(63,1),
(64,1),
(65,1),
(66,1),
(67,1),
(68,1),
(69,1),
(70,1),
(71,1),
(72,1),
(73,1),
(74,1),
(75,1),
(76,1),
(77,1),
(78,1),
(79,1),
(80,1),
(81,1),
(82,1),
(83,1),
(84,1),
(85,1),
(86,1),
(87,1),
(88,1),
(89,1),
(90,1),
(91,1),
(92,1),
(93,1),
(94,1),
(95,1),
(96,1),
(97,1),
(98,1),
(99,1),
(100,1),
(101,1),
(102,1),
(103,1),
(104,1),
(105,1),
(106,1),
(107,1),
(108,1),
(109,1),
(110,1),
(111,1),
(112,1),
(113,1),
(114,1),
(115,1),
(116,1),
(117,1),
(118,1),
(119,1),
(120,1),
(121,1),
(122,1),
(123,1),
(124,1),
(125,1),
(126,1),
(127,1),
(128,1),
(129,1),
(130,1),
(131,1),
(132,1),
(133,1),
(134,1),
(135,1),
(136,1),
(137,1),
(138,1),
(139,1),
(140,1),
(141,1),
(142,1),
(143,1),
(144,1),
(145,1),
(146,1),
(147,1),
(148,1),
(149,1),
(150,1),
(151,1),
(152,1),
(153,1),
(154,1),
(155,1),
(156,1),
(157,1),
(158,1),
(159,1),
(160,1),
(161,1),
(162,1),
(163,1),
(164,1),
(165,1),
(166,1),
(167,1),
(168,1),
(169,1),
(170,1),
(171,1),
(172,1),
(173,1),
(174,1),
(175,1),
(176,1),
(177,1),
(178,1),
(179,1),
(180,1),
(181,1),
(182,1);

